head_n,glyph,espanol,zan_k,zan_name,zanci,ceci,fuente,cotejo_fuente,cotejo_nota
1,中,Centro,1,初一,昆侖旁薄幽,昆侖旁薄思諸貞也○,kanripo,,
1,中,Centro,2,次二,神戰于玄其陳隂陽,神戰于玄善惡并也,kanripo,,
1,中,Centro,3,次三,龍出于中首尾信可以爲庸,龍出于中見其造也,kanripo,,
1,中,Centro,4,次四,庫虚無因大受性命否,庫虚無否不能大受也○,kanripo,,□→庫(Sima)
1,中,Centro,5,次五,日正于天利以其辰作主,日正于天貴當位也,kanripo,,
1,中,Centro,6,次六,月闕其博不如開明于西,月闕其博明始退也,kanripo,,
1,中,Centro,7,次七,酋酋大魁頥水包貞,酋酋之包任臣則也,kanripo,,
1,中,Centro,8,次八,黃不黃覆秋,還心之否中不恕也○,kanripo,kanripo_四部叢刊_cotejo,"測 recuperado (anclado en 贊辭, cortado en marcador; termina en 也)"
1,中,Centro,9,上九,顛靈氣形反,顛靈之反時不克也,wikisource_provisional,,
2,周,Círculo Completo,1,初一,還於天心何德之僭否,還心之否中不恕也,kanripo,,
2,周,Círculo Completo,2,次二,植中樞周無隅,植中樞立督慮也,kanripo,,
2,周,Círculo Completo,3,次三,出我入我吉凶之魁,出我入我不可不懼也,kanripo,,
2,周,Círculo Completo,4,次四,帶其鈎鞶錘以玉鐶,帶其鈎鞶自約束也,kanripo,,
2,周,Círculo Completo,5,次五,土中其廬設于金輿厥戒渝,廬金戒渝小人不克也,kanripo,,
2,周,Círculo Completo,6,次六,信周其誠上通于天,信周其誠上通也,kanripo,,
2,周,Círculo Completo,7,次七,豐淫見其朋還于蒙不克從,豐淫見朋不能從也,kanripo,,
2,周,Círculo Completo,8,次八,還遇躬外其禍不大,還遇躬外禍不中也,kanripo,,
2,周,Círculo Completo,9,上九,還于喪或弃之行根,黃不純失中適也,kanripo,,
3,礥,Atascado,1,初一,黃純於潛不見其畛藏郁於泉,黃純於潛化在嘖也,wikisource_provisional,,
3,礥,Atascado,2,次二,黃不純屈於根,黃不純失中適也,wikisource_provisional,,
3,礥,Atascado,3,次三,赤子扶扶元貞有終,赤子扶扶父母瞻也,kanripo,,
3,礥,Atascado,4,次四,拔我不德以力不克,拔我德力不堪也,kanripo,,
3,礥,Atascado,5,次五,拔車山淵冝於大人,拔車山淵大位力也,kanripo,,
3,礥,Atascado,6,次六,將其車入于丘虚,將車入虚道不得也,kanripo,,
3,礥,Atascado,7,次七,出險登丘或牽之牛,出險登丘莫之伐也,kanripo,,
3,礥,Atascado,8,次八,車不拔髀軸折,蛇伏于泥君不君也○,kanripo,kanripo_四部叢刊_cotejo,"測 recuperado (anclado en 贊辭, cortado en marcador; termina en 也)"
3,礥,Atascado,9,上九,崇崇高山下有川波其人有輯航可與過其,高山大川不輯航不克也,wikisource_provisional,,
4,閑,Barrera,1,初一,蛇伏於泥無雄有雌終莫受施,蛇伏于泥君不君也,kanripo,,
4,閑,Barrera,2,次二,閑其藏固珍寳,閑其藏中心淵也,kanripo,,
4,閑,Barrera,3,次三,關無鍵舎金管,關無鍵盜入門也,kanripo,,
4,閑,Barrera,4,次四,拔我輗軏小得利小征,拔我輗軏貴以信也,kanripo,,
4,閑,Barrera,5,次五,礥而閑而拔我姦而非石如石厲,礥閑如石其敵堅也,kanripo,,
4,閑,Barrera,6,次六,閑黃垁席金策,閑黃垁以德固也,kanripo,,
4,閑,Barrera,7,次七,跙跙閑于蘧除或寢之廬,跙跙之閑惡在舎也,kanripo,,
4,閑,Barrera,8,次八,赤臭播關大君不閑克國乗家,赤臭播關恐入室也,kanripo,,
4,閑,Barrera,9,上九,閑門以終虚,自少不至謙不成也,kanripo,,
5,少,Guardar lo Pequeño,1,初一,冥自少眇于謙,冥自少不見謙也,wikisource_provisional,,
5,少,Guardar lo Pequeño,2,次二,自少不至懷其恤,自少不至謙不誠也,wikisource_provisional,,
5,少,Guardar lo Pequeño,3,次三,動韯其得人主之式,韯其得人謙貞也,kanripo,,
5,少,Guardar lo Pequeño,4,次四,貧貧或妄之振,貧貧妄振不能守正也,kanripo,,
5,少,Guardar lo Pequeño,5,次五,地自沖下于川,地自沖人之所聖也,kanripo,,
5,少,Guardar lo Pequeño,6,次六,少持滿今盛後傾,少持滿何足盛也,kanripo,,
5,少,Guardar lo Pequeño,7,次七,貧自究利用見冨,貧自究冨之聘也,kanripo,,
5,少,Guardar lo Pequeño,8,次八,貧不貧人莫之振,貧不貧何足敬也,kanripo,,
5,少,Guardar lo Pequeño,9,上九,密雨溟沐潤于枯瀆三日射谷,正其腹中心定也,kanripo,,
6,戾,Contrariedad,1,初一,虛既邪心有傾,虛邪心傾懷不正也,wikisource_provisional,,
6,戾,Contrariedad,2,次二,正其腹引其背酋貞,正其腹中心定也,wikisource_provisional,,
6,戾,Contrariedad,3,次三,戾其腹正其背,戾腹正背中外爭也,kanripo,,
6,戾,Contrariedad,4,次四,夫妻反道維家之保,夫妻反道各有守也,kanripo,,
6,戾,Contrariedad,5,次五,東南射兕西北其矢,東南射兕不得其首也,kanripo,,
6,戾,Contrariedad,6,次六,準繩規矩不同其施,準繩規矩乖其道也,kanripo,,
6,戾,Contrariedad,7,次七,女不女其心予覆夫諿,女不女大可醜也,kanripo,,
6,戾,Contrariedad,8,次八,殺生相矢中和其道,殺生相矢中爲界也上,kanripo,,
6,戾,Contrariedad,9,上九,倉靈之雌不同宿而離失則歲之功乖,倉靈之雌失作敗也,wikisource_provisional,,
7,上,Ascenso,1,初一,上其純心挫厥鏩鏩,上純其心和以悅也,wikisource_provisional,,
7,上,Ascenso,2,次二,上無根思登于天谷在于淵,上無根不能自治也,kanripo,,
7,上,Ascenso,3,次三,出于幽谷登于茂木思其珍榖,出谷登木知向方也,kanripo,,
7,上,Ascenso,4,次四,即上不貞無根繁榮孚虚名,即上不貞妄升也,kanripo,,
7,上,Ascenso,5,次五,鳴鶴升自深澤階天不㤰,鳴鶴不㤰有諸中也,kanripo,,
7,上,Ascenso,6,次六,升于堂顚衣到裳廷人不慶,升堂顚到失大衆也,kanripo,,
7,上,Ascenso,7,次七,升于顚臺或柱之材,升,kanripo,,
7,上,Ascenso,8,次八,升于高危或斧之梯,升危斧梯失士民也,wikisource_provisional,,
7,上,Ascenso,9,上九,棲于菑初亡後得基,棲菑得基後得人也,wikisource_provisional,,
8,干,Oposición,1,初一,丸鑚鑚干内隟厲,丸鑚于内轉丸非也,kanripo,,
8,干,Oposición,2,次二,以微干正維用軌命,以微干正大諫微也,kanripo,,
8,干,Oposición,3,次三,鍵挈挈匪貞,鍵挈挈干禄回也,kanripo,,
8,干,Oposición,4,次四,干言入骨時貞,干骨之時直其道也,kanripo,,
8,干,Oposición,5,次五,蚩蚩干于丘飴或錫之坏,蚩蚩之干錫不好也,kanripo,,
8,干,Oposición,6,次六,幹干於天貞馴,幹干之貞順可保也,kanripo,,
8,干,Oposición,7,次七,何㦸解解遘,何㦸解解不容道也,kanripo,,
8,干,Oposición,8,次八,赤舌燒城吐水于缾,赤舌吐水君子以解祟也,kanripo,,
8,干,Oposición,9,上九,干于浮雲從墜于天,干于浮雲乃從天墜也狧狧多欲往也,kanripo,,
9,羨,Ramificación,1,初一,羨于初其次迂塗,羨于初後難正也,wikisource_provisional,,
9,羨,Ramificación,2,次二,羨於微克復可以爲儀,羨微克復不遠定也,wikisource_provisional,,
9,羨,Ramificación,3,次三,卉炎于陵冝于丘陵○,卉炎丘陵短臨長也,kanripo,,
9,羨,Ramificación,4,次四,𤕠于酒食肥無譽,𤕠于酒食仕無方也,kanripo,ctext_太玄經,"cabeza 9 = 𤕠 (Jí Xián); □ era este carácter raro, verificado en ctext"
9,羨,Ramificación,5,次五,𤕠有足託堅榖,𤕠有足位正當也,kanripo,ctext_太玄經,"cabeza 9 = 𤕠 (Jí Xián); □ era este carácter raro, verificado en ctext"
9,羨,Ramificación,6,次六,獨𤕠逝逝利小不利大,獨𤕠逝逝不可大也,kanripo,ctext_太玄經,"cabeza 9 = 𤕠 (Jí Xián); □ era este carácter raro, verificado en ctext"
9,羨,Ramificación,7,次七,白日臨辰可以卒其所聞,白日臨辰老得勢也,kanripo,,
9,羨,Ramificación,8,次八,蚤虱之𤕠厲,蚤虱之𤕠不足頼也,kanripo,ctext_太玄經,"cabeza 9 = 𤕠 (Jí Xián); □ era este carácter raro, verificado en ctext"
9,羨,Ramificación,9,上九,全微絭其首尾臨于淵○,羡微克復不逺定也,kanripo,,
10,羡,Defecto / Distorsión,1,初一,羡於初其次迂塗,羡于初後難正也,ctext_verificado,,
10,羡,Defecto / Distorsión,2,次二,羡于微克復可以為儀,羡微克復不遠定也,ctext_verificado,,
10,羡,Defecto / Distorsión,3,次三,羡迂塗不能直如,羡迂塗不能直行也,kanripo,,
10,羡,Defecto / Distorsión,4,次四,羡權正吉人不幸,羡權正善反常也,kanripo,,
10,羡,Defecto / Distorsión,5,次五,孔道夷如蹊路微如大輿之憂,孔道之夷奚不遵也,kanripo,,
10,羡,Defecto / Distorsión,6,次六,大虚旣邪或直之或翼之得矢夫,虚邪矢夫得賢臣也,kanripo,,
10,羡,Defecto / Distorsión,7,次七,曲其故迂其塗厲之馴,曲其故爲作意也,kanripo,,
10,羡,Defecto / Distorsión,8,次八,羡其足濟于溝瀆面貞,羡其足避凶事也,kanripo,,
10,羡,Defecto / Distorsión,9,上九,車軸折其,微失自攻人未知也,kanripo,,
11,差,Divergencia,1,初一,微失自攻端,微失自攻人未知也,ctext_verificado,,
11,差,Divergencia,2,次二,𥧲其所好將以致其所惡,𥧲其所好漸以差也,kanripo,ctext_太玄經,"□ = 𥧲 (carácter raro), verificado en ctext"
11,差,Divergencia,3,次三,其亡其亡將至于暉光,其亡其亡震自衞也,kanripo,,
11,差,Divergencia,4,次四,過小善不克,過小善不能至大也,kanripo,,
11,差,Divergencia,5,次五,過門折入得此中行,過門折入近復還也,kanripo,,
11,差,Divergencia,6,次六,大跌過其門不入其室,大跌不入誠可患也,kanripo,,
11,差,Divergencia,7,次七,累卵業業懼貞安,累卵業業自危作安也○,kanripo,wikisource_太玄經,測 recuperado de Wikisource (laguna en 四部叢刊 y en Sima Guang)
11,差,Divergencia,8,次八,足纍纍其步蹉躟輔銘滅麋,足纍纍履禍不還也,ctext_verificado,,
11,差,Divergencia,9,上九,過其枯城或蘖青青,過其枯城改過更生也,ctext_verificado,,
12,童,Juventud,1,初一,顓童不寤㑹我蒙昬,童不寤恐終晦也,kanripo,,
12,童,Juventud,2,次二,錯于靈蓍焯于龜資出泥入脂,錯蓍焯龜比光道也,kanripo,,
12,童,Juventud,3,次三,東辰以明不能以行,東辰以明奚不逝也,kanripo,,
12,童,Juventud,4,次四,或後前夫先錫之光,或後前夫先光大也,kanripo,,
12,童,Juventud,5,次五,蒙柴求兕其德不美,蒙柴求兕得不慶也,kanripo,,
12,童,Juventud,6,次六,大開帷幕以引方客,大開帷幕覽衆明也,kanripo,,
12,童,Juventud,7,次七,脩侏侏比于朱儒,侏侏之脩無可爲也,kanripo,,
12,童,Juventud,8,次八,或擊之或刺之修其玄鑒渝,擊之刺之過以衰也,kanripo,,
12,童,Juventud,9,上九,童麋觸犀灰其首飾外也,木止漸増不可益也○,kanripo,kanripo_四部叢刊_cotejo,"測 recuperado (anclado en 贊辭, cortado en marcador; termina en 也)"
13,増,Aumento,1,初一,聞貞增默外人不得,聞貞增默識內也,wikisource_provisional,,
13,増,Aumento,2,次二,不增其方而增其光冥,不增其方徒飾外也,wikisource_provisional,,
13,増,Aumento,3,次三,木以止漸増,木止漸増不可益也,kanripo,,
13,増,Aumento,4,次四,要不克或増之戴,要不克可敗也,kanripo,,
13,増,Aumento,5,次五,澤庳其容衆潤攸同,澤庳其容謙虚大也,kanripo,ctext_太玄經,□ = 庳 (verificado en ctext)
13,増,Aumento,6,次六,朱車燭分一日増我三千君子慶小人傷,朱車之増小人不當也,kanripo,,
13,増,Aumento,7,次七,増其髙刄其削丘貞,増髙刄峭與損皆行也,kanripo,,
13,増,Aumento,8,次八,兼貝以役往益來,兼貝以役前慶後亡也,kanripo,,
13,増,Aumento,9,上九,崔嵬不崩頼彼峽崥,崔嵬不崩群士橿橿也太玄經卷第一,kanripo,,
14,銳,Penetración,1,初一,蟹之郭索後引黃泉,蟹之郭索心不一也,wikisource_provisional,,
14,銳,Penetración,2,次二,銳一無不達,銳一之逹執道必也,kanripo,,
14,銳,Penetración,3,次三,狂銳盪,狂銳之盪不能處一也,kanripo,,
14,銳,Penetración,4,次四,銳于時無不利,銳于時得其適也,kanripo,,
14,銳,Penetración,5,次五,銳其東忘其西見其背不見其心,銳東忘西不能迴避也,kanripo,,
14,銳,Penetración,6,次六,銳于醜含于五軌萬鍾貞,銳于醜福禄不量也,kanripo,,
14,銳,Penetración,7,次七,銳于利忝惡至,銳于利辱在一方也,kanripo,,
14,銳,Penetración,8,次八,銳其銳救其敗,銳其銳恐轉作殃也,kanripo,,
14,銳,Penetración,9,上九,陵崢岸,迷腹達目以道不明也,kanripo,,
15,達,Alcance,1,初一,中冥獨達迥迥不屈,中冥獨達內曉無方也,wikisource_provisional,,
15,達,Alcance,2,次二,迷腹達目,迷腹達目以道不明也,wikisource_provisional,,
15,達,Alcance,3,次三,蒼木維流厥美可以達于瓜苞,蒼木維流内恕以量也,kanripo,,
15,達,Alcance,4,次四,小利小達大迷扁扁不故,小達大迷獨曉隅方也,kanripo,,
15,達,Alcance,5,次五,達于中衢大小無迷,達于中衢道四通也,kanripo,,
15,達,Alcance,6,次六,大達無畛不要止洫作否,大達無畛不可偏從也,kanripo,,
15,達,Alcance,7,次七,達于砭割前亡後頼,逹于砭割終以不廢也,kanripo,,
15,達,Alcance,8,次八,迷目達腹,迷目達腹外惑其内測曰冥交不以懷非含慙也,kanripo,,
15,達,Alcance,9,上九,達於咎貞終譽,達咎終譽善以道退也,wikisource_provisional,,
16,交,Contacto,1,初一,冥交于神齊不以其貞,冥交不貞懷非含慚也,wikisource_provisional,,
16,交,Contacto,2,次二,冥交有孚明如,冥交之孚信接神明也,kanripo,,
16,交,Contacto,3,次三,交于木石,交于木石不能嚮人也,kanripo,,
16,交,Contacto,4,次四,往來熏熏得亡之門,往來熏熏與神交行也,kanripo,,
16,交,Contacto,5,次五,交于鸎猩不獲其榮,交于鸎猩鳥獸同方也,kanripo,,
16,交,Contacto,6,次六,大圈閎閎小圈交之我有靈殽與爾殽之,大小之交待賢煥光也,kanripo,,
16,交,Contacto,7,次七,交于鳥䑕費其資黍,交于鳥䑕徒費也,kanripo,,
16,交,Contacto,8,次八,戈矛往來以其貞不悔,戈矛往來征不可廢也,kanripo,,
16,交,Contacto,9,上九,交于戰伐不貞覆于城猛則噉,䎡其心中無勇也○,kanripo,kanripo_四部叢刊_cotejo,"測 recuperado (anclado en 贊辭, cortado en marcador; termina en 也)"
17,䎡,Contención,1,初一,赤卉方銳利進以退,赤卉方銳退以動也,wikisource_provisional,,
17,䎡,Contención,2,次二,䎡其心作疾,䎡其心中無勇也,kanripo,,
17,䎡,Contención,3,次三,䎡其䣛守其節雖勿肆終無拂,䎡其䣛體不可肆也,kanripo,,
17,䎡,Contención,4,次四,䎡其哇三歳不噣,䎡哇不噣時數失也,kanripo,,
17,䎡,Contención,5,次五,黃菌不誕俟于慶雲,黃菌不誕俟逑耦也,kanripo,,
17,䎡,Contención,6,次六,縮失時或承之菑,縮失時坐逋後也,kanripo,,
17,䎡,Contención,7,次七,詘其節執其術共所歾,詘節共歾内有主也,kanripo,,
17,䎡,Contención,8,次八,家枯木丁衝振其枝小人有䎡三郄鉤羅,冥賊之傒時無吉也,kanripo,,□→家(Sima)
17,䎡,Contención,9,上九,悔縮往去來複,悔縮之複得在後也,wikisource_provisional,,
18,傒,Espera,1,初一,冥賊傒天凶,冥賊之傒時無吉也,wikisource_provisional,,
18,傒,Espera,2,次二,冥德傒天昌,冥德之傒昌將日也,kanripo,,
18,傒,Espera,3,次三,傒後時,傒而後之解也,kanripo,,
18,傒,Espera,4,次四,詘其角直其足維以傒榖,屈角直足不伎刺也,kanripo,,
18,傒,Espera,5,次五,大爵集于宫庸小人也傒空○,宫庸之爵不可空得也,kanripo,,
18,傒,Espera,6,次六,傒福貞貞食于金,傒福貞貞正可服也,kanripo,,
18,傒,Espera,7,次七,傒禍介介凶人之郵,傒禍介介與禍期也,kanripo,,
18,傒,Espera,8,次八,不禍禍傒天活我,禍不禍非厥訧也,wikisource_provisional,,
18,傒,Espera,9,上九,傒尫尫天撲之顙,傒尫之撲終不可治也,wikisource_provisional,,
19,從,Seguimiento,1,初一,日幽嬪之月冥隨之基,日嬪月隨臣應基也,kanripo,,
19,從,Seguimiento,2,次二,方出旭旭朋從爾醜,方出朋從不知所之也,kanripo,,
19,從,Seguimiento,3,次三,人不攻之自牽從之,人不攻之自然證也,kanripo,,
19,從,Seguimiento,4,次四,鳴從不臧有女承其血匡亡,鳴從之亡奚足朋也,kanripo,,
19,從,Seguimiento,5,次五,從水之科滿,從水滿科不自越也,kanripo,,
19,從,Seguimiento,6,次六,從其目失其腹,從目失腹欲丕從也,kanripo,,
19,從,Seguimiento,7,次七,拂出溱溱開明而前,冥進否邪作退也○,kanripo,kanripo_四部叢刊_cotejo,"測 recuperado (anclado en 贊辭, cortado en marcador; termina en 也)"
19,從,Seguimiento,8,次八,從不淑禍飛不逐,從不淑禍不可訟也,wikisource_provisional,,
19,從,Seguimiento,9,上九,從徽徽乃升於階終,從徽徽後得功也,wikisource_provisional,,
20,進,Avance,1,初一,冥進否作退母,冥進否邪作退也,kanripo,,
20,進,Avance,2,次二,進以中刑大人獨見,進以中刑刑不可外也,kanripo,,
20,進,Avance,3,次三,狂章章不得中行,狂章章進不中也,kanripo,,
20,進,Avance,4,次四,日飛懸隂萬物融融,飛懸隂君道隆也,kanripo,,
20,進,Avance,5,次五,進以欋䟽或杖之扶,進以欋䟽制于尊也,kanripo,,
20,進,Avance,6,次六,進以髙明受祉無疆,進以髙明其道迂也,kanripo,,
20,進,Avance,7,次七,進非其以聽咎窒耳,進非其以毀滋章也,kanripo,,
20,進,Avance,8,次八,進于淵君子用舩,進淵且舩以道行也,kanripo,,
20,進,Avance,9,上九,逆憑山川三歳不還,逆憑山川終不可長也和貞測曰震于廷和正俱亡也,kanripo,,
21,釋,Liberación,1,初一,動而無名酋,動而無名不可得名也,ctext_verificado,,
21,釋,Liberación,2,次二,動于響景,動于響景不足觀聽也,ctext_verificado,,
21,釋,Liberación,3,次三,風動雷興從其高崇,風動雷興動有為也,ctext_verificado,,
21,釋,Liberación,4,次四,動之丘陵失澤朋,動之丘陵失下危也,ctext_verificado,,
21,釋,Liberación,5,次五,和釋之脂四國之夷,和釋之脂民說無疆也,ctext_verificado,,
21,釋,Liberación,6,次六,震于廷喪其和貞,震于廷和正俱亡也,ctext_verificado,,
21,釋,Liberación,7,次七,震震不侮濯漱其訽,震震不侮解恥無方也,kanripo,,
21,釋,Liberación,8,次八,震于利巔仆死,震于利與死偕行也,kanripo,,
21,釋,Liberación,9,上九,今獄後穀終說桎梏,今獄後穀于彼釋殃也,ctext_verificado,,
22,格,Resistencia,1,初一,格內善失貞類,格內善中不宵也,wikisource_provisional,,
22,格,Resistencia,2,次二,格内惡幽貞類,格内惡幽貞妙也,kanripo,,
22,格,Resistencia,3,次三,裳格鞶鈎渝,裳格鞶鈎無以制也,kanripo,,
22,格,Resistencia,4,次四,畢格禽鳥之貞,畢格禽正法位也,kanripo,,
22,格,Resistencia,5,次五,膠漆釋弓不射角木離,膠漆釋信不結也,kanripo,,
22,格,Resistencia,6,次六,息金消石往小來弈,息金消石美日大也,kanripo,,
22,格,Resistencia,7,次七,格其珍類龜緺厲,格其珍類無以自匡也,kanripo,,
22,格,Resistencia,8,次八,格彼鞶堅君子得時小人憂否内,載幽執夷易其内也,kanripo,,
22,格,Resistencia,9,上九,郭其目鱎其角不庳其體濮,郭目鱎角還自傷也,wikisource_provisional,,
23,夷,Holgura,1,初一,載幽貳執夷內,載幽執夷易其內也,wikisource_provisional,,
23,夷,Holgura,2,次二,隂夷冒于天罔,隂夷冒罔䟽不失也,kanripo,,
23,夷,Holgura,3,次三,柔嬰兒于號三日不嗄,嬰兒于號中心和也,kanripo,,
23,夷,Holgura,4,次四,夷其牙或飫之徒,夷其牙食不足嘉也,kanripo,,
23,夷,Holgura,5,次五,中夷無不利,中夷之利其道多也,kanripo,,
23,夷,Holgura,6,次六,夷于廬其宅丘虚,夷于廬厥德亡也,kanripo,,
23,夷,Holgura,7,次七,榦柔榦弱離木艾金夷,榦柔艾金弱勝彊也,kanripo,,
23,夷,Holgura,8,次八,夷其角,獨樂款款淫其内也○,kanripo,kanripo_四部叢刊_cotejo,"測 recuperado (anclado en 贊辭, cortado en marcador; termina en 也)"
23,夷,Holgura,9,上九,夷其耇利敬病年貞,夷耇之貞懸事向也,wikisource_provisional,,
24,樂,Gozo,1,初一,獨樂款款及不逺,獨樂款款淫其内也,kanripo,,
24,樂,Gozo,2,次二,樂不知辰于天,樂不可知以時歳也,kanripo,,
24,樂,Gozo,3,次三,不宴不雅禮樂啞咋號咷倚戸○,不宴不雅禮樂廢也,kanripo,,
24,樂,Gozo,4,次四,拂其繫絶其纗佚厥心,拂其繫絶纗心誠快也,kanripo,,
24,樂,Gozo,5,次五,鍾鼓喈喈管絃嚌嚌或承之衰,鍾鼓喈喈樂後悲也也,kanripo,,
24,樂,Gozo,6,次六,大樂無間民神禽鳥之般,大樂無間無不懷也,kanripo,,
24,樂,Gozo,7,次七,人嘻鬼嘻天要之期,人嘻鬼嘻稱樂畢也,kanripo,,
24,樂,Gozo,8,次八,嘻嘻自懼亡彼愆虞,嘻嘻自懼終自保也,kanripo,,
24,樂,Gozo,9,上九,極樂之幾不移日而悲則哭泣之蹉資曰赫河之臞何可蹉也,極樂之幾信可悔也○,kanripo,SimaGuang_集注太玄經,測 de Sima Guang; carácter ilegible □ resuelto como 蹉 (哭泣之蹉資)
25,爭,Disputa,1,初一,爭不爭隱冥,爭不爭道之素也,wikisource_provisional,,
25,爭,Disputa,2,次二,嚇河臞,嚇河之臞何可個也,wikisource_provisional,,
25,爭,Disputa,3,次三,爭射齦齦,爭射誾誾君子讓鄰也,kanripo,,
25,爭,Disputa,4,次四,爭小利不酋貞,小利不絶正道乃昬也,kanripo,,
25,爭,Disputa,5,次五,爭于逵利以無方,爭于逵爭處中也,kanripo,,
25,爭,Disputa,6,次六,臂膊脛如股脚䐜如維身之疾,臂脛如股臣大隆也,kanripo,,
25,爭,Disputa,7,次七,爭干及矛䩜用亨于王前行,干矛之爭衞君躬也,kanripo,,
25,爭,Disputa,8,次八,狼盈口矢在其後,狼盈口不顧害也測曰始務無方非小人所理也,kanripo,,
25,爭,Disputa,9,上九,兩虎相牙知掣者全,兩虎相牙知所掣也,wikisource_provisional,,
26,務,Empeño,1,初一,始務無方小人亦用罔,始務旡方非小人所理也,wikisource_provisional,,
26,務,Empeño,2,次二,新鮮自求珍絜精其芳君子攸行,新鮮自求光于已也,kanripo,,
26,務,Empeño,3,次三,不拘不掣其心腐且敗,不拘不掣其體不全也,kanripo,,
26,務,Empeño,4,次四,見矢自升利羽之朋蓋戴車載,矢及蓋厥道然也,kanripo,,
26,務,Empeño,5,次五,蜘蛛之務不如𧖟之緰,蜘蛛之務無益人也,kanripo,,
26,務,Empeño,6,次六,華實芳若用則臧若,華芳用臧利當年也,kanripo,,
26,務,Empeño,7,次七,喪其芳無攸往,喪其芳德以衰也,kanripo,,
26,務,Empeño,8,次八,黃中免于禍貞,黃中免禍和以正也,kanripo,,
26,務,Empeño,9,上九,務成自敗雨成自隊,務成自敗非厥命也,kanripo,,
27,事,Deberes,1,初一,事無事至無不事,事無事以道行也,wikisource_provisional,,
27,事,Deberes,2,次二,事在樞不咎不𧩻喪其哲符,不咨不𧩻其知亡也,wikisource_provisional,,
27,事,Deberes,3,次三,時往時來間不容氂,時往時來不失趣也,kanripo,,
27,事,Deberes,4,次四,男女事不代之字,男女事非厥務也,kanripo,,
27,事,Deberes,5,次五,事其事王假之食,事其事職所任也,kanripo,,
27,事,Deberes,6,次六,任大自事方來不救,任大自事奚可堪也,kanripo,,
27,事,Deberes,7,次七,丈人扶孤竪子提壷,丈人扶孤小子知方也,kanripo,,
27,事,Deberes,8,次八,男女事十年不誨,男女事終家不亨也,kanripo,,
27,事,Deberes,9,上九,到耳順止事貞,到耳順止逆聞順行也太玄經卷第二,kanripo,,
28,更,Cambio,1,初一,冥化否貞若性,冥化否貞少更方也,wikisource_provisional,,
28,更,Cambio,2,次二,時七時九軫轉其道,時七時九不失當也,wikisource_provisional,,
28,更,Cambio,3,次三,化白于泥淄,化白于泥變不明也,kanripo,,
28,更,Cambio,4,次四,更之小得用無不利,更之小得民所望也,kanripo,,
28,更,Cambio,5,次五,童牛角馬不今不古,童牛角馬變天常也,kanripo,,
28,更,Cambio,6,次六,入水載車出水載杭冝于王之更,車杭出入其道更也,kanripo,,
28,更,Cambio,7,次七,更不更以作病,更不更能自臧也,kanripo,,
28,更,Cambio,8,次八,駟馬跙跙而更其御,斷心滅斧内自治也,kanripo,,
28,更,Cambio,9,上九,不終其德三歲見代,不終之儀不可久長也,wikisource_provisional,,
29,斷,Decisión,1,初一,斷心滅斧冥其規矩,斷心滅斧內自治也,wikisource_provisional,,
29,斷,Decisión,2,次二,冥斷否在塞耳,冥斷否中心疑也,kanripo,,
29,斷,Decisión,3,次三,決其聾𪖣利以治穢,決其聾𪖣利有謀也,kanripo,ctext_太玄經,"□ = 𪖣 (carácter raro), verificado en ctext"
29,斷,Decisión,4,次四,斷我否食非其有恥,斷我否食可恥也,kanripo,,
29,斷,Decisión,5,次五,大腹決其股脫君子有斷小人以活,太腹決脫斷得理也,kanripo,,
29,斷,Decisión,6,次六,決不決爾仇不闊乃後有鉞,決不決辜及身也,kanripo,,
29,斷,Decisión,7,次七,庚斷甲我心孔碩乃後有鑠,庚斷甲義斷仁也,kanripo,,
29,斷,Decisión,8,次八,勇佅之傠盜蒙決夬,盜蒙之決妄斷也,kanripo,,
29,斷,Decisión,9,上九,斧刄蛾蛾利匠人之貞于心腹内堅剛也,戴威滿頭小人所長也○,kanripo,kanripo_四部叢刊_cotejo,"測 recuperado (anclado en 贊辭, cortado en marcador; termina en 也)"
30,毅,Resolución Audaz,1,初一,懷威滿虛,懷威滿虛道德亡也,wikisource_provisional,,
30,毅,Resolución Audaz,2,次二,毅于心腹貞,毅于心腹內堅剛也,wikisource_provisional,,
30,毅,Resolución Audaz,3,次三,戴威满頭君子不足小人有餘,戴威滿頭小人所長也,kanripo,,
30,毅,Resolución Audaz,4,次四,君子說器其人柔且毅,君子說器言有方也,kanripo,,
30,毅,Resolución Audaz,5,次五,不田而榖毅于揀禄,不田而榖食不當也,kanripo,,
30,毅,Resolución Audaz,6,次六,毅于棟柱利安大主,毅于棟柱國任彊也,kanripo,,
30,毅,Resolución Audaz,7,次七,觥羊之毅鳴不類,觥羊之毅言不法也,kanripo,,
30,毅,Resolución Audaz,8,次八,毅于禍貞君子攸名,毅于禍貞不可幽蔀也測曰幽裝莫見心巳外也,kanripo,,
30,毅,Resolución Audaz,9,上九,豕希毅其牙發以張弧,豕希毅其牙吏所獵也,wikisource_provisional,,
31,裝,Reunir,1,初一,幽裝莫見之行,幽裝莫見心己外也,wikisource_provisional,,
31,裝,Reunir,2,次二, 鵝慘于冰翼彼南風内懷其乗, 鵝之慘懷憂無快也,kanripo,,□→ (Sima) □→ (Sima)
31,裝,Reunir,3,次三,往其志或承之喜,往其志遇所快也,kanripo,,
31,裝,Reunir,4,次四,鶤雞朝飛踤于北嚶嚶相和不輟食,鶤雞朝飛何足頼也,kanripo,,
31,裝,Reunir,5,次五,鴻裝于淄飲食頥頥,鴻裝于淄大將得志也,kanripo,,
31,裝,Reunir,6,次六,經衢周九路不限其行賈,經六衢商旅事也,kanripo,,
31,裝,Reunir,7,次七,裝無㒧利征咎齊萬物宣明　大衆多,冥兵之始始則不臧也○,kanripo,kanripo_四部叢刊_cotejo,"測 recuperado (anclado en 贊辭, cortado en marcador; termina en 也)"
31,裝,Reunir,8,次八,季仲播軌泣於道用送厥往,季仲播軌送其死也,wikisource_provisional,,
31,裝,Reunir,9,上九,裝於昏,裝于昏尚可避也,wikisource_provisional,,
32,衆,Legión,1,初一,冥兵始火入耳農輟馬榖尸將班于田,冥兵之始始則不臧也,kanripo,,
32,衆,Legión,2,次二,兵無刄師無陳麟或賔之温,兵無刄德服無方也,kanripo,,
32,衆,Legión,3,次三,軍或纍車丈人摧孥内蹈之瑕,軍或纍車廟戰内傷也,kanripo,,
32,衆,Legión,4,次四,虎虓振廞豹勝其祕否,虎虓振廞如鷹之揚也,kanripo,,
32,衆,Legión,5,次五,躆戰喈喈若熊若螭,躆戰喈喈恃力作王也,kanripo,,
32,衆,Legión,6,次六,大兵雷霆震其耳維用詘腹,大兵雷霆威震無疆也,kanripo,,
32,衆,Legión,7,次七,旌旗絓羅干戈蛾蛾師孕言之哭且䁲,旌旗絓羅大恨民也,kanripo,,
32,衆,Legión,8,次八,兵衰衰見其病不見輿尸,兵衰衰不血刄也測曰窺之無間密無方也,kanripo,,
32,衆,Legión,9,上九,斧刃缺其柯折可以止不可以伐往血,刃缺柯折將不足往也,wikisource_provisional,,
33,密,Cercanía,1,初一,窺之無間大幽之門,窺之無間密無方也,wikisource_provisional,,
33,密,Cercanía,2,次二,不密不比我心即次,不密不比違厥郷也,kanripo,,
33,密,Cercanía,3,次三,密于親利以作人,密于親爲利臧也,kanripo,,
33,密,Cercanía,4,次四,密于腥臊三日不覺殽,密于腥臊小惡通也,kanripo,,
33,密,Cercanía,5,次五,密密不　嬪于天,密密不　並天功也,kanripo,,
33,密,Cercanía,6,次六,大惡之比或益之恤,大惡之比匹異同也,kanripo,,
33,密,Cercanía,7,次七,密有口小鰓大君在無後,密口小鰓賴君逢也,kanripo,,
33,密,Cercanía,8,次八,琢齒依齦三歳無君,琢齒依齦君自拔也,kanripo,,
33,密,Cercanía,9,上九,密禍之比先下後得其死,密禍之比終不可奪也莫聞也,kanripo,,
34,親,Parentesco,1,初一,親非其膚其志齦齬,親非其膚中心閑也,wikisource_provisional,,
34,親,Parentesco,2,次二,孚其內其志資戚,孚其內人莫間也,wikisource_provisional,,
34,親,Parentesco,3,次三,螟蛉不屬蜾臝取之不迓侮,螟蛉不屬失其體也,kanripo,,
34,親,Parentesco,4,次四,賔親于禮飲食几几,賔親于禮賔主偕也,kanripo,,
34,親,Parentesco,5,次五,厚不厚比人將走,厚不厚失類無方也,kanripo,,
34,親,Parentesco,6,次六,厚厚君子秉斗,厚厚君子得人無彊也,kanripo,,
34,親,Parentesco,7,次七,髙亢其位德於同事○,位髙事卑德不能也,kanripo,,
34,親,Parentesco,8,次八,肺附乾餱其幹巳良君子攸行,小斂不貸其道當也,kanripo,,
34,親,Parentesco,9,上九,童親不貞,童親不貞還自荄也,wikisource_provisional,,
35,斂,Congregación,1,初一,小斂不貨利用安人正國,小斂不貨其道富也,wikisource_provisional,,
35,斂,Congregación,2,次二,墨斂韯韯非我匪貞○,墨斂韯韯非所以光也,kanripo,,
35,斂,Congregación,3,次三,見小勿用以我扶䟽,見小勿用俟我大也,kanripo,,
35,斂,Congregación,4,次四,斂利小刑小進大退,斂利小刑其正退也,kanripo,,
35,斂,Congregación,5,次五,畜槃而衍繭純于田,畜槃繭純不奪時也,kanripo,,
35,斂,Congregación,6,次六,閔而緜而作大元而小人不戒,閔緜之戒不識微也,kanripo,,
35,斂,Congregación,7,次七,夫牽于車妻爲剥荼利于王姑不利公家乾萬物莫不彊梁,彊中否貞不可與謀也○,kanripo,kanripo_四部叢刊_cotejo,"測 recuperado (anclado en 贊辭, cortado en marcador; termina en 也)"
35,斂,Congregación,8,次八,大斂大顛,大斂之顛所斂非也,wikisource_provisional,,
35,斂,Congregación,9,上九,斂于時利圉極菑,斂于時奚可幾也,wikisource_provisional,,
36,彊,Fuerza,1,初一,彊中否貞無攸用,彊中否貞不可與謀也,kanripo,,
36,彊,Fuerza,2,次二,鳯鳥于飛脩其羽君子于辰終莫之圉,鳯鳥于飛君子得時也,kanripo,,
36,彊,Fuerza,3,次三,柱不中梁不隆大厦微,柱不中不能正基也,kanripo,,
36,彊,Fuerza,4,次四,爰聦爰明左右橿橿,爰聦爰明庶士方來也,kanripo,,
36,彊,Fuerza,5,次五,君子彊梁以德小人彊梁以力,小人彊梁得位益尤也,kanripo,,
36,彊,Fuerza,6,次六,克我彊梁于天無疆,克我彊梁大美無基也,kanripo,,
36,彊,Fuerza,7,次七,金剛肉柔血流于田,金剛肉柔法太傷也,kanripo,,
36,彊,Fuerza,8,次八,彊其衰勉其弱,彊其衰勉自彊也,kanripo,,
36,彊,Fuerza,9,上九,太山拔梁柱折其人顚且蹶,冥駮冐睟中自㥷也,kanripo,,
37,睟,Pureza,1,初一,睟於內清無穢,睟於內清無穢也,wikisource_provisional,,
37,睟,Pureza,2,次二,冥駁冒睟胹於中,冥駁冒睟中自應也,wikisource_provisional,,
37,睟,Pureza,3,次三,目上于天耳下于淵恭,目上耳下聦察極也,kanripo,,
37,睟,Pureza,4,次四,小人慕睟失禄貞,小人慕睟道不得也,kanripo,,
37,睟,Pureza,5,次五,睟于幽黃元貞無方,睟于幽黃正地則也,kanripo,,
37,睟,Pureza,6,次六,大睟承愆易,大睟承愆小人不克也,kanripo,,
37,睟,Pureza,7,次七,睟辰愆君子補愆,睟辰愆善補過也,kanripo,,
37,睟,Pureza,8,次八,睟惡無善,睟惡無善終不可佐也,kanripo,,
37,睟,Pureza,9,上九,睟終大有,作不恃稱玄德也,kanripo,,
38,盛,Plenitud,1,初一,盛不墨失冥德,盛不墨中不自克也,wikisource_provisional,,
38,盛,Plenitud,2,次二,作不恃克大有,作不恃稱玄德也,wikisource_provisional,,
38,盛,Plenitud,3,次三,懷利滿匈不利于公,懷利滿匈營私門也,kanripo,,
38,盛,Plenitud,4,次四,小盛臣臣大人之門,小盛臣臣事仁賢也,kanripo,,
38,盛,Plenitud,5,次五,何福滿肩提禍撣撣,何福提禍小人之道也,kanripo,,
38,盛,Plenitud,6,次六,天錫之光大開之疆于謙有慶,天錫之光謙大有也,kanripo,,
38,盛,Plenitud,7,次七,乗火寒泉至,乗火泉至禍不逺也,kanripo,,
38,盛,Plenitud,8,次八,挹于滿熒幾後之傾測,匪譽匪咎其道常也,kanripo,,
38,盛,Plenitud,9,上九,極盛不救禍降自天,極盛不救天道反也,wikisource_provisional,,
39,居,Residencia,1,初一,匪譽匪咎克守厥家,匪譽匪咎其道常也,wikisource_provisional,,
39,居,Residencia,2,次二,家無壷婦承之姑或洗之塗,家無壷無以相承也,kanripo,,
39,居,Residencia,3,次三,長幼序序子克父,子克父乃能有興也,kanripo,,
39,居,Residencia,4,次四,見豕在堂狗繫之迒,見豕在堂其體不慶也,kanripo,,
39,居,Residencia,5,次五,舳艫調安利富貞,舳艫安和順其疆也,kanripo,,
39,居,Residencia,6,次六,外其井竈三歳見背,外其井竈三歳不享也,kanripo,,
39,居,Residencia,7,次七,老夫擐車少女提壷利考家物仰其墨莫不被則,造法不法不足用也○,kanripo,kanripo_四部叢刊_cotejo,"測 recuperado (anclado en 贊辭, cortado en marcador; termina en 也)"
39,居,Residencia,8,次八,反其幾雙其朼其家不旨,反幾雙朼家用不臧也,wikisource_provisional,,
39,居,Residencia,9,上九,株生蘗其種不絕,株生蘗其類乃長也,wikisource_provisional,,
40,法,Ley / Modelo,1,初一,造法不法,造法不法不足用也,kanripo,,
40,法,Ley / Modelo,2,次二,摹法以中克,摹法以中衆之所共也,kanripo,,
40,法,Ley / Modelo,3,次三,準繩不甫亡其規矩,準繩不甫其用爽也,kanripo,,
40,法,Ley / Modelo,4,次四,準繩規矩莫違我施,準繩規矩由身行也,kanripo,,
40,法,Ley / Modelo,5,次五,繘陸陸缾窴腹井潢洋終不得食,缾窴腹非學方也,kanripo,,
40,法,Ley / Modelo,6,次六,于紀于綱示以貞光,于紀于綱大統明也,kanripo,,
40,法,Ley / Modelo,7,次七,密網離于淵不利于鱗,密網離淵苛法張也,kanripo,,
40,法,Ley / Modelo,8,次八,正彼有辜格我無邪,正彼有辜敺而至也,kanripo,,
40,法,Ley / Modelo,9,上九,井無幹水直衍匪谿匪谷終于愆,井無幹法妄恣也測曰上施下和匪其肯也,kanripo,,
41,應,Respuesta,1,初一,六幹羅如五枝離如,幹羅如附離君也,ctext_verificado,,
41,應,Respuesta,2,次二,上歷施之下律和之非則否,上施下和匪其肯也,ctext_verificado,,
41,應,Respuesta,3,次三,一從一橫天網䍚䍚,一從一橫經緯陳也,kanripo,,
41,應,Respuesta,4,次四,援我罘罟絓羅于野至,援我罘罟不能以仁也,kanripo,,
41,應,Respuesta,5,次五,龍翰于天貞栗其鱗,龍翰之栗極懼墜也,kanripo,,
41,應,Respuesta,6,次六,熾承于天冰萌于地,承天萌地陽始退也,kanripo,,
41,應,Respuesta,7,次七,日彊其衰應蕃貞,日彊其衰惡敗類也,kanripo,,
41,應,Respuesta,8,次八,極陽徴隂不移日而應,極陽徴隂應其發也,kanripo,,
41,應,Respuesta,9,上九,元離之極君子應以大稷,元離之極不可遏止也太玄經卷第三,kanripo,,
42,迎,Ir al Encuentro,1,初一,迎他匪並無貞有邪,迎他匪應非所與並也,wikisource_provisional,,
42,迎,Ir al Encuentro,2,次二,蛟潛於淵陵卵化之人或陰言百姓和之,蛟潛之化中精誠也,wikisource_provisional,,
42,迎,Ir al Encuentro,3,次三,精微往來妖先靈覺,精微往來妖咎徴也,kanripo,,
42,迎,Ir al Encuentro,4,次四,裳有衣𥜗男子目珠婦人啑鈎貞,裳有衣𥜗隂感陽也,kanripo,,
42,迎,Ir al Encuentro,5,次五,黃乗否貞,黃乗否貞不可與朋也,kanripo,,
42,迎,Ir al Encuentro,6,次六,玄黃相迎其意感感,玄黃相迎以類應也,kanripo,,
42,迎,Ir al Encuentro,7,次七,逺之　近之棓迎父迦逅,逺　近棓失父類也,kanripo,,
42,迎,Ir al Encuentro,8,次八,見血入門捬迎中廷,見血入門以賢自衞也,kanripo,,
42,迎,Ir al Encuentro,9,上九,濕迎牀足罦于牆屋諭,衝衝兒遇不肖子也,kanripo,,
43,遇,Encuentros,1,初一,幽遇神及師夢貞,幽遇神思得理也,wikisource_provisional,,
43,遇,Encuentros,2,次二,衝衝兒遇不定之諭,衝衝兒遇不肖子也,wikisource_provisional,,
43,遇,Encuentros,3,次三,不往來不求得士女之貞,不往不求士女則也,kanripo,,
43,遇,Encuentros,4,次四,㒁㒁兊人遇雨厲,兊人遇雨還自賊也,kanripo,,
43,遇,Encuentros,5,次五,田遇禽人莫之禁,田遇禽誠可勉也,kanripo,,
43,遇,Encuentros,6,次六,俾蛛罔罔遇螽利雖大不得從,蛛之罔害不逺也,kanripo,,
43,遇,Encuentros,7,次七,振其角君父遇辱匪正命,振其角直道行也,kanripo,,
43,遇,Encuentros,8,次八,兩兕鬥一角亡不勝喪,兩兕鬥亡角喪也,wikisource_provisional,,
43,遇,Encuentros,9,上九,或氐其角遇下毀足,或氐其角何可當也,wikisource_provisional,,
44,竈,Fogón,1,初一,竈無實乞于鄰,竈無有虚名也,kanripo,,
44,竈,Fogón,2,次二,黄鼎介其中裔不飲不食孚無害,黃鼎介中廉貞也,kanripo,,
44,竈,Fogón,3,次三,竈無薪黃金瀕,竈無薪有不用也,kanripo,,
44,竈,Fogón,4,次四,鬲實之食得其勞力,鬲實之食時我奉也,kanripo,,
44,竈,Fogón,5,次五,鼎犬可觴不齊不莊,鼎大可觴饗無意也,kanripo,,
44,竈,Fogón,6,次六,五味龢調如美如大人之饗,味龢之饗宰輔事也,kanripo,,
44,竈,Fogón,7,次七,脂牛正肪不濯釡而烹則歐歍之疾至,脂牛歐歍不絜志也,kanripo,,
44,竈,Fogón,8,次八,食其委雖噭不毀,食其委蒙厥德也,kanripo,,
44,竈,Fogón,9,上九,竈滅資褁無方也,大其慮爲思所傷也○,kanripo,kanripo_四部叢刊_cotejo,"測 recuperado (anclado en 贊辭, cortado en marcador; termina en 也)"
45,大,Grandeza,1,初一,淵潢洋包無方冥,淵潢洋資裹無方也,wikisource_provisional,,
45,大,Grandeza,2,次二,大其慮躬自鑢,大其慮爲思所傷也,kanripo,,
45,大,Grandeza,3,次三,大不大利以成大,大不大以小作基也,kanripo,,
45,大,Grandeza,4,次四,大其門郊不得其刀鳴虚,大其門郊實去名來也,kanripo,,
45,大,Grandeza,5,次五,包荒以中克,包荒以中督九夷也,kanripo,,
45,大,Grandeza,6,次六,大失小多失少,大失小禍由微也,kanripo,,
45,大,Grandeza,7,次七,大奢迃自削以觚或益之餔,奢迃自削能自非也,kanripo,,
45,大,Grandeza,8,次八,豐牆峭址三歲不築崩,豐牆峭址崩不遲也,wikisource_provisional,,
45,大,Grandeza,9,上九,丈佟以蔑否出天外,大終以蔑小爲大資也,wikisource_provisional,,
46,廓,Ampliación,1,初一,廓之恢之不正其基,廓之恢之始基傾也,kanripo,,
46,廓,Ampliación,2,次二,金榦玉楨廓于城,金榦玉楨蕃輔正也,kanripo,,
46,廓,Ampliación,3,次三,廓無子室石婦,廓無子焉得後生也,kanripo,,
46,廓,Ampliación,4,次四,恢其門戸以御㓂虜,恢其門戸大經營也,kanripo,,
46,廓,Ampliación,5,次五,天門大開恢堂之階或生之差,天門大開德不能滿堂也,kanripo,,
46,廓,Ampliación,6,次六,維豐維崇百辟馮馮伊德攸興,維豐維崇兹太平也,kanripo,,
46,廓,Ampliación,7,次七,外大扢其中失君子至野小人入室,外大扢中無人也,kanripo,,
46,廓,Ampliación,8,次八,廓其外虚其内利鼓鉦,廓外虚内乃能有聞也,kanripo,,
46,廓,Ampliación,9,上九,極廓于髙庸三歳無童,極廓髙,kanripo,,
47,文,Patrón,1,初一,袷襀何縵玉貞,袷隤何縵文在內也,wikisource_provisional,,
47,文,Patrón,2,次二,文蔚質否,文蔚質否不能俱睟也,wikisource_provisional,,
47,文,Patrón,3,次三,大文彌樸孚似不足,大文彌樸質有餘也,kanripo,,
47,文,Patrón,4,次四,裴如邠如虎豹文如匪天之享否,斐邠之否奚足譽也,kanripo,,
47,文,Patrón,5,次五,炳如彪如尚文昭如車服庸如,彪如在上天文炳也,kanripo,,
47,文,Patrón,6,次六,鴻文無范恣于川,鴻文無范恣意往也,kanripo,,
47,文,Patrón,7,次七,雉之不禄而雞藎榖,雉之不禄難幽養也,kanripo,,
47,文,Patrón,8,次八,彫韯榖布亡于時文則亂,彫韯之文徒費日也,kanripo,,
47,文,Patrón,9,上九,極文密密易以黼黻跋退其親也,穆穆肅肅敬出心也○,kanripo,kanripo_四部叢刊_cotejo,"測 recuperado (anclado en 贊辭, cortado en marcador; termina en 也)"
48,禮,Ritual,1,初一,履于跂後其祖裲,履於歧退其親也,wikisource_provisional,,
48,禮,Ritual,2,次二,目穆穆足肅肅乃貫以棘,穆穆肅肅敬出心也,kanripo,,
48,禮,Ritual,3,次三,畫象成形孚無成,畫象成形非其眞也,kanripo,,
48,禮,Ritual,4,次四,孔鴈之儀利用登于階,孔鴈之儀可法則也,kanripo,,
48,禮,Ritual,5,次五,懷其違折其匕過喪錫九矢,懷違折匕貶天禄也,kanripo,,
48,禮,Ritual,6,次六,魚鱗差之乃矢施之帝用登于天,魚鱗差之貴賤位也,kanripo,,
48,禮,Ritual,7,次七,出禮不畏入畏測氣濳退萬物將亡,逃水之夷跡不創也○,kanripo,kanripo_四部叢刊_cotejo,"測 recuperado (anclado en 贊辭, cortado en marcador; termina en 也)"
48,禮,Ritual,8,次八,冠戚月醜履全履,冠戚履賎不可不上也,wikisource_provisional,,
48,禮,Ritual,9,上九,戴無首焉用此九,無首之戴焉所往也,wikisource_provisional,,
49,逃,Vuelo,1,初一,逃水之夷滅其創迹,逃水之夷跡不創也,kanripo,,
49,逃,Vuelo,2,次二,心惕惕足金舄不志溝壑,心惕惕義不將也,kanripo,,
49,逃,Vuelo,3,次三,兢其股鞭其馬宼其戸逃利,兢股鞭馬近有見也,kanripo,,
49,逃,Vuelo,4,次四,喬木維摐飛鳥過之或降,喬木之鳥欲止則降也,kanripo,,
49,逃,Vuelo,5,次五,見鷕踤于林獺入于淵征,見鷕及獺深居逃凶也,kanripo,,
49,逃,Vuelo,6,次六,多田不婁費我膎功,多田不婁費力忘功也,kanripo,,
49,逃,Vuelo,7,次七,見于纍後乃克飛,見于纍幾不足髙也,kanripo,,
49,逃,Vuelo,8,次八,頸加于矰維䋚其繩,頸加維䋚無自勞也,kanripo,,
49,逃,Vuelo,9,上九,利用東征,唐冥之利利明道也,kanripo,,
50,唐,Vastedad / Desperdicio,1,初一,唐于內勿作厲,唐於內無執守也,wikisource_provisional,,
50,唐,Vastedad / Desperdicio,2,次二,唐處冥利用東征,唐冥之利利明道也,wikisource_provisional,,
50,唐,Vastedad / Desperdicio,3,次三,唐素不貞亡彼瓏玲,亡彼瓏玲非爾所也,kanripo,,
50,唐,Vastedad / Desperdicio,4,次四,唐無適道義之辟,唐無適惟義予也,kanripo,,
50,唐,Vastedad / Desperdicio,5,次五,奔鹿懷鼷得不訾,奔鹿懷鼷奚足功也,kanripo,,
50,唐,Vastedad / Desperdicio,6,次六,唐不獨足代天班禄,唐不獨足無私容也,kanripo,,
50,唐,Vastedad / Desperdicio,7,次七,弋彼三飛明明于征終日不歸亡,弋彼三飛適無所從也,kanripo,,
50,唐,Vastedad / Desperdicio,8,次八,唐收禄社鬼輟哭或得其沐,戴神墨體一形也○,kanripo,kanripo_四部叢刊_cotejo,"測 recuperado (anclado en 贊辭, cortado en marcador; termina en 也)"
50,唐,Vastedad / Desperdicio,9,上九,明珠彈於飛肉其得不復,明珠彈肉費不當也,wikisource_provisional,,
51,常,Constancia,1,初一,戴神墨履靈式以一耦萬終不稷,戴神墨體一形也,kanripo,,
51,常,Constancia,2,次二,内常微女貞厲,内常微女不正也,kanripo,,
51,常,Constancia,3,次三,日常其德三歳不食,日常其德君道明也,kanripo,,
51,常,Constancia,4,次四,月不常或失之行,月不常臣失行也,kanripo,,
51,常,Constancia,5,次五,其從其横天地之常,其從其横君臣常也,kanripo,,
51,常,Constancia,6,次六,得七而九懦撓其剛不克常,得七而九弃盛乗衰也,kanripo,,
51,常,Constancia,7,次七,淊淊往來有常衰如克承貞,淊淊往來以正承非也,kanripo,,
51,常,Constancia,8,次八,常疾不疾咎成不詰,常疾不疾不能自治也,kanripo,,
51,常,Constancia,9,上九,疾其疾巫毉不失,疾測曰澤不舎乃能有正也,kanripo,,
52,度,Medida,1,初一,中度獨失,度獨失不能有成也,wikisource_provisional,,
52,度,Medida,2,次二,澤不舍冥中度,澤不舍乃能有正也,wikisource_provisional,,
52,度,Medida,3,次三,小度差差大櫴之階,小度之差大度傾也,kanripo,,
52,度,Medida,4,次四,榦楨利干城,榦楨之利利經營也,kanripo,,
52,度,Medida,5,次五,榦不榦櫴于營,幹不幹不能有寧也,kanripo,,
52,度,Medida,6,次六,大度檢檢于天示象垂其范,大度檢檢垂象貞也,kanripo,,
52,度,Medida,7,次七,不度規之鬼即訾之,不度規之明察笑也,kanripo,,
52,度,Medida,8,次八,石赤不奪節士之必,石赤不奪可與有要也測曰不替不爽永宗道也,kanripo,,
52,度,Medida,9,上九,積差之貸十年不復,積差之貸不得造也,wikisource_provisional,,
53,永,Eternidad,1,初一,不替不爽長子之常,不替不爽永宗道也,wikisource_provisional,,
53,永,Eternidad,2,次二,内懷替爽永失貞祥,内懷替爽安可乆也,kanripo,,
53,永,Eternidad,3,次三,永其道未得無咎,永其道誠可保也,kanripo,,
53,永,Eternidad,4,次四,子序不序先賔永失主,子序不序非永木也,kanripo,,
53,永,Eternidad,5,次五,三綱得于中極天永厥福,三綱之永其道長也,kanripo,,
53,永,Eternidad,6,次六,大永于福反虚庭入奠冥,大永于福福反亡也,kanripo,,
53,永,Eternidad,7,次七,老木生蒔永以纒其所無,昆于黑不可謂人也○,kanripo,kanripo_四部叢刊_cotejo,"測 recuperado (anclado en 贊辭, cortado en marcador; termina en 也)"
53,永,Eternidad,8,次八,永不軌凶亡流於後,永不軌其命劑也,wikisource_provisional,,
53,永,Eternidad,9,上九,永終馴首,永終馴首長愷悌也,wikisource_provisional,,
54,昆,Unidad,1,初一,昆于黒不知白,昆于黑不可謂人也,kanripo,,
54,昆,Unidad,2,次二,白黒菲菲三禽一角同尾,三禽一角無害心也,kanripo,,
54,昆,Unidad,3,次三,昆于白失不黑無除一尾三角,昆白不黒不相親也,kanripo,,
54,昆,Unidad,4,次四,鳥託巢于叢人寄命于公,鳥託巢公無貧也,kanripo,,
54,昆,Unidad,5,次五,榖不榖失䟽數衆氂毀玉,榖失䟽數奚足旬也,kanripo,,
54,昆,Unidad,6,次六,昆于井市文車同軌,昆于井市同一倫也,kanripo,,
54,昆,Unidad,7,次七,蓋徧不覆晏雨不救,蓋徧不覆德不均也,kanripo,,
54,昆,Unidad,8,次八,昆于危難乃覆之安測日危難之安素施仁也,昆于死弃厥身也○,kanripo,kanripo_四部叢刊_cotejo,"測 recuperado (anclado en 贊辭, cortado en marcador; termina en 也)"
54,昆,Unidad,9,上九,昆于死弃宼遺,昆于死弃厥身也太玄經卷第四,kanripo,,
55,減,Merma,1,初一,善減不減冥,善減不減常自沖也,wikisource_provisional,,
55,減,Merma,2,次二,心減自中以形於身,心減形身困諸中也,wikisource_provisional,,
55,減,Merma,3,次三,減其儀利用光于階,減其儀欲自禁也,kanripo,,
55,減,Merma,4,次四,減於乂貶其位,減於乂無以莅衆也,kanripo,,
55,減,Merma,5,次五,減其黃貞下承于上寧,減黃貞臣道丁也,kanripo,,
55,減,Merma,6,次六,幽闡積不減不施石,幽闡不施澤不平也,kanripo,,
55,減,Merma,7,次七,減其疾損其䘏厲不至,減其疾不至危也,kanripo,,
55,減,Merma,8,次八,瀏漣漣減于生根,唫不予人所違也,kanripo,,
55,減,Merma,9,上九,減終利用登於西山臨於大川,減終之登誠可爲也,wikisource_provisional,,
56,唫,Boca Cerrada,1,初一,唫不予丈夫婦處,唫不予人所違也,wikisource_provisional,,
56,唫,Boca Cerrada,2,次二,唫于血資乾骨,唫于血䂄自肥也,kanripo,,
56,唫,Boca Cerrada,3,次三,貌不交唭㘈唫無辭,貌不交人道微也,kanripo,,
56,唫,Boca Cerrada,4,次四,唫其榖不振不俗纍老及族,唫其榖不得相希也,kanripo,,
56,唫,Boca Cerrada,5,次五,不中不督腐蠧之嗇,不中不督其唫非也,kanripo,,
56,唫,Boca Cerrada,6,次六,泉源洋洋唫于丘園,泉源之唫不可譏也,kanripo,,
56,唫,Boca Cerrada,7,次七,唫于體黃肉毁,唫于體骨肉傷也,kanripo,,
56,唫,Boca Cerrada,8,次八,唫遇禍禱以牛解閉朋牖善持有也,迷自守中無所以也○,kanripo,kanripo_四部叢刊_cotejo,"測 recuperado (anclado en 贊辭, cortado en marcador; termina en 也)"
56,唫,Boca Cerrada,9,上九,唫不雨孚幹脯,唫不雨何可望也,wikisource_provisional,,
57,守,Cautela,1,初一,閉朋牖守元有,閉朋牖善持有也,wikisource_provisional,,
57,守,Cautela,2,次二,迷自守不如一之有,迷自守中無所以也,kanripo,,
57,守,Cautela,3,次三,無喪無得往來黙黙,無喪無得守厥故也,kanripo,,
57,守,Cautela,4,次四,象艮有守,象艮之守廉無怙也○,kanripo,ctext_太玄經,□ = 怙 (verificado en ctext)
57,守,Cautela,5,次五,守中以和要侯貞,守中以和侯之素也,kanripo,,
57,守,Cautela,6,次六,車案軔圭璧塵,車案軔不接鄰也,kanripo,,
57,守,Cautela,7,次七,羣陽不守男子之貞,羣陽之守守貞信也,kanripo,,
57,守,Cautela,8,次八,臼無杵其碓舉天陰不雨白日毀暑,臼無杵其守貧也,wikisource_provisional,,
57,守,Cautela,9,上九,輿荼有守辭于盧首不殆,輿荼有守故愈新也,wikisource_provisional,,
58,翕,Recogimiento,1,初一,狂衝于冥翕其志雖欲逍遥天不之兹,狂衝于冥天未與也,kanripo,,
58,翕,Recogimiento,2,次二,翕冥中射貞,翕冥中正予也,kanripo,,
58,翕,Recogimiento,3,次三,翕食嘬嘬,翕食嘬嘬利如舞也,kanripo,,
58,翕,Recogimiento,4,次四,翕其羽利用舉,翕其羽朋友助也,kanripo,,
58,翕,Recogimiento,5,次五,翕其腹辟金榖,翕其腹非所以舉也,kanripo,,
58,翕,Recogimiento,6,次六,黃心鴻翼翕于天,黃心鴻翼利得輔也,kanripo,,
58,翕,Recogimiento,7,次七,翕繳惻惻,翕繳惻惻被離害也,kanripo,,
58,翕,Recogimiento,8,次八,揮其罦絶其羂殆,揮罦絶羂危得遂也,kanripo,,
58,翕,Recogimiento,9,上九,㩣其角維用抵族曰燕聚嘻嘻樂淫衍也,宗其髙年鬼待敬也○,kanripo,kanripo_四部叢刊_cotejo,"測 recuperado (anclado en 贊辭, cortado en marcador; termina en 也)"
59,聚,Amontonamiento,1,初一,鬼神以無靈,鬼神無靈形不見也,wikisource_provisional,,
59,聚,Amontonamiento,2,次二,燕聚嘻嘻,燕聚嘻嘻樂淫愆也,wikisource_provisional,,
59,聚,Amontonamiento,3,次三,宗其髙年羣鬼之門,宗其髙年鬼待敬也,kanripo,,
59,聚,Amontonamiento,4,次四,牽羊示于叢社執圭信辟其左股野,牽羊于叢不足勞也,kanripo,,
59,聚,Amontonamiento,5,次五,鼎血之蕕九宗之好乃後有孚,鼎血之蕕信王命也,kanripo,,
59,聚,Amontonamiento,6,次六,畏其鬼尊其禮狂作昧淫亡,畏鬼之狂過其正也,kanripo,,
59,聚,Amontonamiento,7,次七,竦萃于丘冡,竦萃丘冡禮不廢也,kanripo,,
59,聚,Amontonamiento,8,次八,鴟鳩在林㕹彼衆禽,冥積否在惡也○,kanripo,kanripo_四部叢刊_cotejo,"測 recuperado (anclado en 贊辭, cortado en marcador; termina en 也)"
59,聚,Amontonamiento,9,上九,垂涕累鼻聚家之彙,垂涕累鼻時命絕也,wikisource_provisional,,
60,積,Acumulación,1,初一,冥積否作明基,冥積否在惡也,kanripo,,
60,積,Acumulación,2,次二,積不用而至于大用君子介心,積不用不可規度也,kanripo,,
60,積,Acumulación,3,次三,積石不食費其勞力,積石不食無可獲也,kanripo,,
60,積,Acumulación,4,次四,君子積善至于車耳,君子積善至于蕃也,kanripo,,
60,積,Acumulación,5,次五,藏不滿盜不嬴,藏滿盜嬴還自損也,kanripo,,
60,積,Acumulación,6,次六,大滿碩施得人無亢,大滿碩施人所來也,kanripo,,
60,積,Acumulación,7,次七,魁而顔而玉帛班而決欲收冦行其職出入有餙,言不言黙而信也○,kanripo,kanripo_四部叢刊_cotejo,"測 recuperado (anclado en 贊辭, cortado en marcador; termina en 也)"
60,積,Acumulación,8,次八,積善辰禍維先之罪,積善辰禍非己辜也,wikisource_provisional,,
60,積,Acumulación,9,上九,小人積非至於苗裔,小人積非禍所骫也,wikisource_provisional,,
61,餙,Ornamento,1,初一,言不言不以言,言不言黙而信也,kanripo,,
61,餙,Ornamento,2,次二,無質餙先文後失服,無質先文失貞也,kanripo,,
61,餙,Ornamento,3,次三,吐黃酋舌拑黃聿利見哲人,舌聿之利利見知人也,kanripo,,
61,餙,Ornamento,4,次四,利口哇哇商人之貞,哇哇之貞利于商也,kanripo,,
61,餙,Ornamento,5,次五,下言如水實以天牝,下言之水能自沖也,kanripo,,
61,餙,Ornamento,6,次六,言無追如抑亦飛如大人震風,言無追如抑亦揚也,kanripo,,
61,餙,Ornamento,7,次七,不丁言時微于辭見上疑,不丁言時何可章也,kanripo,,
61,餙,Ornamento,8,次八,蛁鳴喁喁血出其口,蛁鳴喁喁口自傷也,kanripo,,
61,餙,Ornamento,9,上九,白舌于于屈于根君子否信,疑自反反清靜也,kanripo,,
62,疑,Duda,1,初一,疑恛恛失貞矢,不正之疑何可定也,wikisource_provisional,,
62,疑,Duda,2,次二,疑自反孚不遠,疑自反反清靜也,wikisource_provisional,,
62,疑,Duda,3,次三,疑彊昭受兹閔閔于其心祖,疑彊昭中心冥也,kanripo,,
62,疑,Duda,4,次四,疑考舊遇貞孚,疑考舊先問也,kanripo,,
62,疑,Duda,5,次五,黃疑金中,黃疑中邪奪正也,kanripo,,
62,疑,Duda,6,次六,誓貞可聽疑則有誠,誓貞可聽明王命也,kanripo,,
62,疑,Duda,7,次七,鬼魂疑貞厲嚘嗚戈木之烏射穴之狐反自耳厲,鬼魂之疑誠不可信也,kanripo,,
62,疑,Duda,8,次八,顚疑遇幹,内其明自窺深也○,kanripo,kanripo_四部叢刊_cotejo,"測 recuperado (anclado en 贊辭, cortado en marcador; termina en 也)"
62,疑,Duda,9,上九,疑無信控弧擬麋無,疑無信終無所名也,wikisource_provisional,,
63,視,Vigilia,1,初一,内其明不用其光,内其明自窺深也,kanripo,,
63,視,Vigilia,2,次二,君子視内小人視外,小人視外不能見心也,kanripo,,
63,視,Vigilia,3,次三,視其德可以幹王之國,視德之幹乃能有全也,kanripo,,
63,視,Vigilia,4,次四,粉其題䪻雨其渥須視無姝,粉題雨須不可忍瞻也,kanripo,,
63,視,Vigilia,5,次五,鸞鳳紛如厥德暉如,鸞鳳紛如德光皓也,kanripo,,
63,視,Vigilia,6,次六,素車翠蓋維視之害貞,素車翠蓋徒好外也,kanripo,,
63,視,Vigilia,7,次七,視其瑕無穢,視其瑕能自矯也,kanripo,,
63,視,Vigilia,8,次八,翡翠于飛離其翼狐鼦之毛躬之賊,翡翠狐鼦好作咎也,kanripo,,
63,視,Vigilia,9,上九,日没其光賁于東方用視厥始二沈視自見賢於眇之眄,沈視之見得正美也,kanripo,,
64,沈,Hundimiento,1,初一,沈耳于閨不聞貞,沈耳於閨失德體也,wikisource_provisional,,
64,沈,Hundimiento,2,次二,沈視白自見賢於眇之眄,沈視之見得正美也,wikisource_provisional,,
64,沈,Hundimiento,3,次三,沈于美失貞矢,沈于　作聾盲也,kanripo,,
64,沈,Hundimiento,4,次四,宛雛沈視食苦貞,宛雛沈視擇食方也,kanripo,,
64,沈,Hundimiento,5,次五,雕鷹髙翔沈其腹好𡢘惡粥○,雕鷹髙翔在腐糧也,kanripo,ctext_太玄經,"□ = 𡢘 (carácter raro), verificado en ctext"
64,沈,Hundimiento,6,次六,見票如累明利以正于王,見票如累其道明也,kanripo,,
64,沈,Hundimiento,7,次七,離如婁如赤肉鴟梟厲,離婁赤肉食不臧也,kanripo,,
64,沈,Hundimiento,8,次八,盼得藥利征,謹于媐㐜始女貞也○,kanripo,kanripo_四部叢刊_cotejo,"測 recuperado (anclado en 贊辭, cortado en marcador; termina en 也)"
64,沈,Hundimiento,9,上九,血如剛沈於顙前屍後喪,血剛沈顙終以貪敗也,wikisource_provisional,,
65,內,Lo Interior,1,初一,謹于媐㐜初貞後寧,謹于媐㐜始女貞也,kanripo,,
65,內,Lo Interior,2,次二,邪其内主迂彼黃牀,邪其内主逺乃寧也,kanripo,,
65,內,Lo Interior,3,次三,爾儀而悲坎我西階,爾儀而悲代母情也,kanripo,,
65,內,Lo Interior,4,次四,好小好危喪其藴袍厲,好小好危不足榮也,kanripo,,
65,內,Lo Interior,5,次五,龍下于泥君子利用取媐遇庸夷,龍下于泥陽下隂也,kanripo,,
65,內,Lo Interior,6,次六,黃昬于飛内其羽雖欲滿宫不見其女,黃昬内羽不能自禁也,kanripo,,
65,內,Lo Interior,7,次七,枯垣生莠皬頭内其雉婦有,枯垣生莠勿慶類也,kanripo,,
65,內,Lo Interior,8,次八,内不克婦荒家及國渉深不可測,内不克測曰去此靈淵不以謙將也,kanripo,,
65,内,Lo Interior,9,上九,雨降於地不得止不得過,雨降於地澤節也,wikisource_provisional,,
66,去,Partida,1,初一,去此靈淵舍彼枯園,去此靈淵不以謙將也,wikisource_provisional,,
66,去,Partida,2,次二,去彼枯園舎下靈淵,舎下靈淵謙道光也,kanripo,,
66,去,Partida,3,次三,髙其歩之堂有露,髙歩有露妄升也,kanripo,,
66,去,Partida,4,次四,去于父子去于臣主,去于父子非所望也,kanripo,,
66,去,Partida,5,次五,攓其衣之庭有麋,攓衣有麋亦可懼也,kanripo,,
66,去,Partida,6,次六,躬去于成天遺厥名,躬去于成讓不居也,kanripo,,
66,去,Partida,7,次七,去其德貞三死不令,去其德貞終死醜也降于隂物咸喪明,kanripo,,
66,去,Partida,8,次八,月高弦火幾縣不可以動動有愆,月弦火縣恐見咎也,wikisource_provisional,,
66,去,Partida,9,上九,求我不得自我西北,求我不得安可久也,wikisource_provisional,,
67,晦,Oscurecimiento,1,初一,同冥獨見幽貞,同冥獨見中獨昭也,kanripo,,
67,晦,Oscurecimiento,2,次二,盲征否,盲征否明不見道也,kanripo,,
67,晦,Oscurecimiento,3,次三,隂行陽從利作不凶,隂行陽從事必外也,kanripo,,
67,晦,Oscurecimiento,4,次四,晦其類失金匱,晦其類法度廢也,kanripo,,
67,晦,Oscurecimiento,5,次五,日正中月正隆君子自晦不入窮,日中月隆明恐挫也,kanripo,,
67,晦,Oscurecimiento,6,次六,玄鳥維愁明降于幽,玄鳥維愁將下昧也,kanripo,,
67,晦,Oscurecimiento,7,次七,䏴提明德或遵之行,䏴提明德將遵行也,kanripo,,
67,晦,Oscurecimiento,8,次八,視非其直夷其右目滅國喪家,視非夷目國以喪也,kanripo,,
67,晦,Oscurecimiento,9,上九,晦冥冥利于不明之貞,晦冥之利不得獨明也太玄經卷第五,kanripo,,
68,瞢,Atenuación,1,初一,瞢腹睒天不覩其畛,瞢腹睒天無能見也,wikisource_provisional,,
68,瞢,Atenuación,2,次二,明復睒天覩其根,明復睒天中獨爛也,kanripo,,
68,瞢,Atenuación,3,次三,師或導射豚其埻,師或導射無以辨也,kanripo,,
68,瞢,Atenuación,4,次四,鑒貞不迷于人攸資,鑒貞不迷誠可信也,kanripo,,
68,瞢,Atenuación,5,次五,倍明仮光觸蒙昬,倍明仮光人可頻也,kanripo,,
68,瞢,Atenuación,6,次六,瞢瞢之離不冝熒且𡛖○,瞢瞢之離中薆薆也,kanripo,ctext_太玄經,"□ = 𡛖 (carácter raro), verificado en ctext"
68,瞢,Atenuación,7,次七,瞢好明其所惡,瞢好之惡著不可昧也亡其所萬物窮遽,kanripo,,
68,瞢,Atenuación,8,次八,昏辰利於月小貞未有及星,昏辰利月尚可願也,wikisource_provisional,,
68,瞢,Atenuación,9,上九,時𨲠𨲠不獲其嘉男子折笄婦人易哿,不獲其嘉男死婦歎也,wikisource_provisional,,
69,窮,Agotamiento,1,初一,窮其窮而民好中,窮其窮情在中也,kanripo,,
69,窮,Agotamiento,2,次二,窮不窮而民不中,窮不窮詐可隆也,kanripo,,
69,窮,Agotamiento,3,次三,窮思達,窮思達師在心也,kanripo,,
69,窮,Agotamiento,4,次四,土不和木科橢,土不和病乎民也,kanripo,,
69,窮,Agotamiento,5,次五,羮無糝其腹坎坎不失其範,羮無糝猶不失其正也,kanripo,,
69,窮,Agotamiento,6,次六,山無角水無鱗困犯身,山無角困百姓也,kanripo,,
69,窮,Agotamiento,7,次七,正其足蹛于狴獄三歳見録,正其足險得平也,kanripo,,
69,窮,Agotamiento,8,次八,渉于霜雪纍項于䣛,纍項于䣛亦不足生也,kanripo,,
69,窮,Agotamiento,9,上九,破璧毀圭曰竈生　天禍以他,破璧毁圭逢不幸也割隂氣割物陽形縣殺七日幾絶,kanripo,,
70,割,Ruptura,1,初一,割其耳目及其心腹厲,割其耳目中無外也,kanripo,,
70,割,Ruptura,2,次二,割其肬贅利以無穢,割其肬贅惡不得大也,kanripo,,
70,割,Ruptura,3,次三,割鼻食口喪其息主,割鼻喪主損無榮也,kanripo,,
70,割,Ruptura,4,次四,宰割平平,宰割平平能有成也,kanripo,,
70,割,Ruptura,5,次五,割其股肱喪其服馬,割其股肱亡大臣也,kanripo,,
70,割,Ruptura,6,次六,割之無創飽于四方,割之無創道可分也,kanripo,,
70,割,Ruptura,7,次七,紫蜺矞雲朋圍日其疾不割,止于止智足明也○,kanripo,kanripo_四部叢刊_cotejo,"測 recuperado (anclado en 贊辭, cortado en marcador; termina en 也)"
70,割,Ruptura,8,次八,割其蠹得我心疾,割其蠹國所便也,wikisource_provisional,,
70,割,Ruptura,9,上九,割肉取骨滅頂於血,割肉滅血不能自全也,wikisource_provisional,,
71,止,Detención,1,初一,止于止内明無咎,止于止智足明也,kanripo,,
71,止,Detención,2,次二,車軔俟馬酋止,車軔馬止不可以行也,kanripo,,
71,止,Detención,3,次三,關其門戸用止狂蠱,關其門戸禦不當也,kanripo,,
71,止,Detención,4,次四,止于童木求其䟽穀,止于童木求其窮也,kanripo,,
71,止,Detención,5,次五,柱奠廬蓋蓋車穀均䟽,柱及蓋榖貴中也,kanripo,,
71,止,Detención,6,次六,方輪廣軸坎軻其輿,方輪坎軻還自震也,kanripo,,
71,止,Detención,7,次七,車纍其俿馬獵其蹄止貞,車纍馬獵行可鄰也,kanripo,,
71,止,Detención,8,次八,弓善反弓惡反善馬恨惡馬恨絶弸破車終不偃,弓反馬恨終不可以也,kanripo,,
71,止,Detención,9,上九,折于株木輆于砭石止,堅白玉形變可爲也,kanripo,,
72,堅,Dureza,1,初一,磐石固內不化貞,磐石固內不可化也,wikisource_provisional,,
72,堅,Dureza,2,次二,堅白玉形內化貞,堅白玉形可爲也,wikisource_provisional,,
72,堅,Dureza,3,次三,堅不凌或泄其中,堅不凌不能持齊也,kanripo,,
72,堅,Dureza,4,次四,小螽營營螮其蛡蛡不介在堅螮,小螽營營固其氐也,kanripo,,
72,堅,Dureza,5,次五,蛡大螮小虚,蛡大螮小國虚空也,kanripo,,
72,堅,Dureza,6,次六,韯螮紗紗縣于九州,韯螮之縣民以康也,kanripo,,
72,堅,Dureza,7,次七,堅顚觸冡,堅顚觸冡不知所行也,kanripo,,
72,堅,Dureza,8,次八,怙堅禍惟用解𧋈之貞○,怙堅禍用直方也○,kanripo,ctext_太玄經,□= 怙 y 𧋈 (raro); 測 corregido desde ctext (estaba contaminado)
72,堅,Dureza,9,上九,螽焚其翊喪於屍,螽焚其翊所憑喪也,wikisource_provisional,,
73,成,Consumación,1,初一,成若否其用不已冥,成若否所以不敗也,wikisource_provisional,,
73,成,Consumación,2,次二,成微改改未成而殆,成微改改不能自遂也,kanripo,,
73,成,Consumación,3,次三,成躍以縮成飛不逐,或躍以縮成德壯也,kanripo,,
73,成,Consumación,4,次四,將成矜敗,將成之矜成道病也,kanripo,,
73,成,Consumación,5,次五,中成獨督大,中成獨督能處中也,kanripo,,
73,成,Consumación,6,次六,成魁瑣以成獲禍,成之魁瑣不以讓也,kanripo,,
73,成,Consumación,7,次七,成闕補,成闕之補固難承也,kanripo,,
73,成,Consumación,8,次八,時成不一圜方杌棿其内窾換,圜方杌棿内相失也,kanripo,,
73,成,Consumación,9,上九,誠窮入於敗毀誠君子不誠,成窮以毀君子以終也,wikisource_provisional,,
74,䦯,Cierre,1,初一,圜方杌棿其內窾換,圜方杌棿內相失也,wikisource_provisional,,
74,䦯,Cierre,2,次二,䦯無間,無間之䦯一其二也,kanripo,,
74,䦯,Cierre,3,次三,龍襲非其穴光亡于室,龍襲非穴失其常也,kanripo,,
74,䦯,Cierre,4,次四,臭肥滅鼻利美貞,滅鼻之貞没所勞也,kanripo,,
74,䦯,Cierre,5,次五,齧骨折齒滿缶,齧骨折齒大貪利也,kanripo,,
74,䦯,Cierre,6,次六,飮汗吭吭得其膏滑,飮汗吭吭道足嗜也,kanripo,,
74,䦯,Cierre,7,次七,䦯其差前合後離,䦯不能得物陷不測,kanripo,,
74,䦯,Cierre,8,次八,輔其折廅其缺其人暉且偈,輔折廅缺猶可善也,wikisource_provisional,,
74,䦯,Cierre,9,上九,陰陽啓𠯒其變赤白,陰陽啟𠯒極則反也,wikisource_provisional,,
75,失,Fracaso,1,初一,刺虚滅刃,刺虚滅刃深自幾也,kanripo,,
75,失,Fracaso,2,次二,藐德靈徴失,藐德之失不知畏徴也,kanripo,,
75,失,Fracaso,3,次三,卒而從而䘏而竦而于其心祖,卒而從而能自改也,kanripo,,
75,失,Fracaso,4,次四,信過不食至于側匿,信過不食失正禄也,kanripo,,
75,失,Fracaso,5,次五,黃兒以中蕃君子以之洗于愆,黃兒以中過以洗也,kanripo,,
75,失,Fracaso,6,次六,滿其倉蕪其田食其實不養其根,滿倉蕪田不能脩夲也,kanripo,,
75,失,Fracaso,7,次七,疾則藥巫則酌,疾藥巫酌禍可轉也,kanripo,,
75,失,Fracaso,8,次八,雌鳴干辰牝角魚木,雌鳴于辰厥正反也,kanripo,,
75,失,Fracaso,9,上九,日月,骨纍其肉賊内行也,kanripo,,
76,劇,Agravamiento,1,初一,骨累其肉內幽,骨累其肉賊內行也,wikisource_provisional,,
76,劇,Agravamiento,2,次二,血出之蝕凶貞,血出之蝕君子傷之也,kanripo,,
76,劇,Agravamiento,3,次三,酒作失德鬼睒其室,酒作失德不能持也,kanripo,,
76,劇,Agravamiento,4,次四,食于劇父母采餕若,食劇以若爲順禄也,kanripo,,
76,劇,Agravamiento,5,次五,出野見虚有虎牧豬　絝與襦,出野見虚無所措足也,kanripo,,
76,劇,Agravamiento,6,次六,四國滿斯宅,四國滿斯求安宅也,kanripo,,
76,劇,Agravamiento,7,次七,麃而半而戴禍顔而,麃而半而戴禍較也次,kanripo,,
76,劇,Agravamiento,8,次八,缾累於繘貞顇,累於缾厥職迫也,wikisource_provisional,,
76,劇,Agravamiento,9,上九,海水群飛弊于天杭,海水群飛終不可語也,wikisource_provisional,,
77,馴,Conformidad,1,初一,黃靈幽貞馴,黃靈幽貞順以正也,kanripo,,
77,馴,Conformidad,2,次二, 其膏女子之勞不靜亡命○, 膏之亡不能清淨也,kanripo,,□→ (Sima)
77,馴,Conformidad,3,次三,牝貞常慈衞其根,牝貞常慈不忘本也,kanripo,,
77,馴,Conformidad,4,次四,徇其勞不如五之豪,徇其勞伐善也,kanripo,,
77,馴,Conformidad,5,次五,靈囊大包其德珍黃,靈囊大包不敢自盛也,kanripo,,
77,馴,Conformidad,6,次六,囊失括泄珍器,囊失括臣口溢也,kanripo,,
77,馴,Conformidad,7,次七,方堅犯順利臣貞上陽信將復始之乎下,將造邪危作主也○,kanripo,kanripo_四部叢刊_cotejo,"測 recuperado (anclado en 贊辭, cortado en marcador; termina en 也)"
77,馴,Conformidad,8,次八,馴非其正不保厥命,馴非其正無所統一也,wikisource_provisional,,
77,馴,Conformidad,9,上九,馴義忘生賴於天貞,馴義忘生受命必也,wikisource_provisional,,
78,將,Al Borde,1,初一,將造邪元厲,將造邪危作主也,kanripo,,
78,將,Al Borde,2,次二,將無疵元睟,將無疵易爲後也,kanripo,,
78,將,Al Borde,3,次三,鑪鈞否利用止,鑪鈞否化内傷也,kanripo,,
78,將,Al Borde,4,次四,將飛得羽利以登于天,將飛得羽其輔彊也,kanripo,,
78,將,Al Borde,5,次五,大爵將飛拔其翮毛羽雖衆不得適,大雀拔翮不足頼也,kanripo,,
78,將,Al Borde,6,次六,日失烈烈君子將衰降,日失烈烈自光大也,kanripo,,
78,將,Al Borde,7,次七,趹舩跋車其害不遐,趹舩跋車不逺害也,kanripo,,
78,將,Al Borde,8,次八,小子在淵丈人播舩,丈人播舩濟溺丗也,kanripo,,
78,將,Al Borde,9,上九,紅𧖟縁于枯桑其繭不黃也,中堅剛終莫傾也○,kanripo,kanripo_四部叢刊_cotejo,"測 recuperado (anclado en 贊辭, cortado en marcador; termina en 也)"
79,難,Dificultades,1,初一,難我冥冥,難我冥冥見未形也,wikisource_provisional,,
79,難,Dificultades,2,次二,凍于冰漬狂馬揣木,狂馬揣木妄生也,wikisource_provisional,,
79,難,Dificultades,3,次三,中堅剛難于非常,中堅剛終莫傾也,kanripo,,
79,難,Dificultades,4,次四,卵破石，,卵破之毈小人難也,kanripo,,□→，(Sima)
79,難,Dificultades,5,次五,難無間雖大不勤,難無間中密塞也,kanripo,,
79,難,Dificultades,6,次六,大車川川上輆于山下觸于川,大車川川上下輆也,kanripo,,
79,難,Dificultades,7,次七,拔石䂦䂦力没以盡,拔石䂦䂦乗時也,kanripo,,
79,難,Dificultades,8,次八,觸石決木維折角,觸石決木非所治也,kanripo,,
79,難,Dificultades,9,上九,角解豸終以直其有施,恩勤有諸情也,kanripo,,
80,勤,Fatiga,1,初一,勤謀於心否貞,勤謀否貞中不正也,wikisource_provisional,,
80,勤,Fatiga,2,次二,勞有恩勤悾悾君子有中,勞有恩勤有諸情也,wikisource_provisional,,
80,勤,Fatiga,3,次三,羈角之吾其泣命也未得繈杖○,羈角之吾不得命也,kanripo,,
80,勤,Fatiga,4,次四,勤于力放倍忘食大人有克,勤力忘食大人德也,kanripo,,
80,勤,Fatiga,5,次五,往蹇蹇禍邇福逺,往之蹇蹇逺乎福也,kanripo,,
80,勤,Fatiga,6,次六,勤有成功幾于天,勤有成功天所來輔也,kanripo,,
80,勤,Fatiga,7,次七,勞牽不其鼻于尾弊,勞牽之弊其道逆也,kanripo,,
80,勤,Fatiga,8,次八,勞踖踖心爽蒙柴不却,勞踖踖躬殉國也也,kanripo,,
80,勤,Fatiga,9,上九,其勤其勤抱車入淵負舟上山,其勤其勤勞不得也,wikisource_provisional,,
81,養,Sustento / Crianza,1,初一,藏心於淵美厥靈根,藏心於淵神不外也,wikisource_provisional,,
81,養,Sustento / Crianza,2,次二,墨養邪元函否貞,墨養邪中心敗也,kanripo,,
81,養,Sustento / Crianza,3,次三,糞以肥丘育厥根荄,糞以肥丘中光大也,kanripo,,
81,養,Sustento / Crianza,4,次四,燕食扁扁其志頼也利用征賈○,燕食扁扁志在頼也,kanripo,,
81,養,Sustento / Crianza,5,次五,黃心在腹白骨生肉孚德不復,黃心在腹上得天也,kanripo,,
81,養,Sustento / Crianza,6,次六,次次一日三餼祇牛之兆肥不利,次次之餼肥無身也,kanripo,,
81,養,Sustento / Crianza,7,次七,小子牽象婦人徽猛君子養病,牽象養病不相因也,kanripo,,
81,養,Sustento / Crianza,8,次八,鯁不脫毒疾發鬼上壟,鯁疾之發歸于墳也,kanripo,,
81,養,Sustento / Crianza,9,上九,星如歳如復繼之初,星如歳如終始養也踦賛一凍登赤天晏入玄泉測曰凍登赤天隂作首也嬴賛二一虚一嬴踦竒所生測曰虚嬴踦踦禪無巳也太玄經卷第六,kanripo,,
